epoch,train_loss,val_loss,train_acc,val_acc
1,2.5772441456505777,1.8732248692910582,0.17291897891231964,0.028419182948490232
2,1.6001855773481226,2.1093669187535613,0.17624861265260822,0.03152753108348135
3,1.5593905424833563,2.188356901782021,0.18590455049944507,0.03507992895204263
4,1.5374794056359988,2.2343298033753256,0.19245283018867926,0.03019538188277087
5,1.5386352432951678,2.204123184058425,0.1792452830188679,0.03019538188277087
6,1.5399291604261154,2.1907164237427246,0.18057713651498336,0.028419182948490232
