epoch,train_loss,val_loss,train_acc,val_acc
1,2.8311957334969335,1.8629916855539352,0.1753607103218646,0.03996447602131439
2,1.6067644574665996,2.152579777617649,0.16970033296337403,0.03507992895204263
3,1.5688001789342814,2.104871778251011,0.17724750277469478,0.03330373001776199
4,1.5475322489733172,2.159856604852219,0.18668146503884572,0.03952042628774423
5,1.5447629446194784,2.1885301715315553,0.18668146503884572,0.03241563055062167
6,1.534063704826194,2.207937678901171,0.19522752497225304,0.02975133214920071
7,1.5293068151495168,2.191366476021694,0.18734739178690343,0.03152753108348135
8,1.5334519294205304,2.175168128462498,0.19012208657047724,0.03330373001776199
