epoch,train_loss,val_loss,train_acc,val_acc
1,2.4778369684727424,1.7940458777107524,0.17469478357380688,0.1993783303730018
2,1.7925834026506025,1.7823769974242731,0.16692563817980022,0.20470692717584368
3,1.79297784801064,1.7818482510785227,0.16825749167591564,0.21580817051509768
4,1.7924661269066204,1.781484704458057,0.16182019977802442,0.21580817051509768
5,1.7923694939512789,1.7825232771743043,0.1637069922308546,0.21580817051509768
6,1.7921426163661758,1.7835346447638043,0.16903440621531632,0.21580817051509768
7,1.792336016913233,1.7846865175460627,0.16426193118756938,0.21580817051509768
8,1.7921471520348737,1.7846511547349486,0.16847946725860155,0.21580817051509768
9,1.7916108974473723,1.7855086345655669,0.17735849056603772,0.21580817051509768
